Articulo,PVP,Precio_actual,enlace
pr111a0qd-b11,"229,95","137,95",https://www.zalando.es/pretty-ballerinas-bailarinas-camel-pr111a0qd-b11.html
pr113a018-k15,"99,95","39,95",https://www.zalando.es/pretty-ballerinas-hannah-bailarinas-con-hebilla-blue-pr113a018-k15.html
pr111a0hu-k11,"179,95","98,95",https://www.zalando.es/pretty-ballerinas-angelis-bailarinas-harborcobaltoxide-azulon-pr111a0hu-k11.html
pr111a0bb-j11,"169,95","118,95",https://www.zalando.es/pretty-ballerinas-ami-bailarinas-rosecoco-pr111a0bb-j11.html
pr111e03r-q11,"249,95","99,95",https://www.zalando.es/pretty-ballerinas-mocasines-black-pr111e03r-q11.html
pr111b02i-g11,"194,95","126,95",https://www.zalando.es/pretty-ballerinas-shade-tacones-rubi-pr111b02i-g11.html
pr111a03c-k11,"129,95","90,95",https://www.zalando.es/pretty-ballerinas-bailarinas-navy-blu-pr111a03c-k11.html
pr113a018-a13,"99,95","39,95",https://www.zalando.es/pretty-ballerinas-hannah-bailarinas-con-hebilla-offwhite-pr113a018-a13.html
pr113a01l-a11,,"129,95",https://www.zalando.es/pretty-ballerinas-hannah-bailarinas-con-hebilla-perla-pr113a01l-a11.html
pr111a0qi-q11,"204,95","133,95",https://www.zalando.es/pretty-ballerinas-shade-bailarinas-con-hebilla-black-pr111a0qi-q11.html
pr113a01a-b11,"119,95","47,95",https://www.zalando.es/pretty-ballerinas-shade-bailarinas-beigeblack-pr113a01a-b11.html
pr111a0df-c11,"129,95","90,95",https://www.zalando.es/pretty-ballerinas-angelis-bailarinas-pr111a0df-c11.html
pr111a0cf-d11,"139,95","97,95",https://www.zalando.es/pretty-ballerinas-ami-bailarinas-plata-pr111a0cf-d11.html
pr111a0qf-m11,"229,95","114,95",https://www.zalando.es/pretty-ballerinas-bailarinas-pink-pr111a0qf-m11.html
pr111a0h8-q11,,"189,95",https://www.zalando.es/pretty-ballerinas-jungla-mocasines-nube-black-pr111a0h8-q11.html
pr111e03t-q11,"269,95","134,95",https://www.zalando.es/pretty-ballerinas-mocasines-black-pr111e03t-q11.html
pr113a018-j16,,"109,95",https://www.zalando.es/pretty-ballerinas-hannah-bailarinas-con-hebilla-pink-pr113a018-j16.html
pr113a01f-q12,,"119,95",https://www.zalando.es/pretty-ballerinas-hannah-bailarinas-con-hebilla-black-pr113a01f-q12.html
pr111a0qa-q11,"93,95","84,95",https://www.zalando.es/pretty-ballerinas-bailarinas-black-pr111a0qa-q11.html
pr113a018-d12,,"109,95",https://www.zalando.es/pretty-ballerinas-hannah-bailarinas-con-hebilla-silver-colored-pr113a018-d12.html
pr111a0qq-q11,"204,95","112,95",https://www.zalando.es/pretty-ballerinas-angelis-structure-bailarinas-schwarz-pr111a0qq-q11.html
pr111b02s-t11,"234,95","129,95",https://www.zalando.es/pretty-ballerinas-tacones-black-pr111b02s-t11.html
pr111a0qk-i11,"169,95","93,95",https://www.zalando.es/pretty-ballerinas-angelis-bailarinas-moradoblack-pr111a0qk-i11.html
pr113a019-i12,,"99,95",https://www.zalando.es/pretty-ballerinas-hannah-bailarinas-con-hebilla-cycla-pr113a019-i12.html
pr111n01p-q11,"269,95","148,95",https://www.zalando.es/pretty-ballerinas-botines-angelis-nessa-pr111n01p-q11.html
pr111a0do-q12,"169,95","135,95",https://www.zalando.es/pretty-ballerinas-bailarinas-black-pr111a0do-q12.html
pr113a019-q11,"99,95","49,95",https://www.zalando.es/pretty-ballerinas-hannah-bailarinas-con-hebilla-blacksilver-pr113a019-q11.html
pr111b02j-q11,"179,95","98,95",https://www.zalando.es/pretty-ballerinas-tacones-black-pr111b02j-q11.html
pr111a0d5-b11,"129,95","90,95",https://www.zalando.es/pretty-ballerinas-angelis-bailarinas-safari-pr111a0d5-b11.html
pr111a0nm-m11,"179,95","107,95",https://www.zalando.es/pretty-ballerinas-afrodite-do-adonis-bailarinas-green-pr111a0nm-m11.html
pr111e03q-q11,"101,95","92,95",https://www.zalando.es/pretty-ballerinas-mocasines-black-pr111e03q-q11.html
pr111a0qe-k11,,"229,95",https://www.zalando.es/pretty-ballerinas-bailarinas-navyoxide-pr111a0qe-k11.html
pr111e03u-q11,"184,95","120,95",https://www.zalando.es/pretty-ballerinas-mocasines-black-pr111e03u-q11.html
pr113a019-i11,"99,95","49,95",https://www.zalando.es/pretty-ballerinas-hannah-bailarinas-con-hebilla-kylie-nightviola-pr113a019-i11.html
pr111a0dd-q11,"134,95","107,95",https://www.zalando.es/pretty-ballerinas-shade-bailarinas-pr111a0dd-q11.html
pr113a018-a14,,"109,95",https://www.zalando.es/pretty-ballerinas-hannah-bailarinas-con-hebilla-perla-pr113a018-a14.html
pr111a0of-q12,,"189,95",https://www.zalando.es/pretty-ballerinas-shade-bailarinas-black-pr111a0of-q12.html
pr111a03f-o11,"129,95","90,95",https://www.zalando.es/pretty-ballerinas-angelis-bailarinas-pr111a03f-o11.html
pr111a0od-q11,"154,95","100,95",https://www.zalando.es/pretty-ballerinas-shade-bailarinas-black-pr111a0od-q11.html
pr111a0nv-i11,"169,95","110,95",https://www.zalando.es/pretty-ballerinas-angelis-bailarinas-gela-pr111a0nv-i11.html
pr113a01c-k12,,"99,95",https://www.zalando.es/pretty-ballerinas-hannah-bailarinas-con-hebilla-glacialturquise-pr113a01c-k12.html
pr111a0qh-b11,"154,95","76,95",https://www.zalando.es/pretty-ballerinas-angelis-bailarinas-beige-pr111a0qh-b11.html
pr113a01c-j11,"99,95","49,95",https://www.zalando.es/pretty-ballerinas-hannah-bailarinas-con-hebilla-pink-pr113a01c-j11.html
pr111a0dd-k11,"129,95","90,95",https://www.zalando.es/pretty-ballerinas-shade-bailarinas-pr111a0dd-k11.html
pr111e03s-q11,"175,95","148,95",https://www.zalando.es/pretty-ballerinas-mocasines-black-pr111e03s-q11.html
pr111a0dn-t11,"89,95","82,95",https://www.zalando.es/pretty-ballerinas-kylie-bailarinas-kylie-greco-pr111a0dn-t11.html
pr111a0qj-q11,"89,95","80,95",https://www.zalando.es/pretty-ballerinas-bailarinas-black-pr111a0qj-q11.html
pr111z007-802,"129,95","103,95",https://www.zalando.es/pretty-ballerinas-angelis-clasicas-pr111z007-802.html
pr111a0p4-b11,"114,95","91,95",https://www.zalando.es/pretty-ballerinas-coton-bailarinas-perlablack-pr111a0p4-b11.html
pr111a0om-j11,"169,95","76,95",https://www.zalando.es/pretty-ballerinas-bailarinas-orchidcoco-pr111a0om-j11.html
pr111a0qc-c11,"229,95","91,95",https://www.zalando.es/pretty-ballerinas-bailarinas-stone-pr111a0qc-c11.html
pr111e039-t11,"199,95","79,95",https://www.zalando.es/pretty-ballerinas-angelis-bailarinas-liliummaiz-pr111e039-t11.html
pr111e03o-t11,"249,95","112,95",https://www.zalando.es/pretty-ballerinas-mocasines-blackoro-pr111e03o-t11.html
pr111a0qo-t11,"134,95","87,95",https://www.zalando.es/pretty-ballerinas-bailarinas-blue-pr111a0qo-t11.html
pr111a0n5-j11,"149,95","82,95",https://www.zalando.es/pretty-ballerinas-eclat-bailarinas-pink-pr111a0n5-j11.html
pr111a0nv-q11,"169,95","110,95",https://www.zalando.es/pretty-ballerinas-angelis-bailarinas-black-pr111a0nv-q11.html
pr111e00e-k11,,desde,https://www.zalando.es/pretty-ballerinas-angelis-mocasines-navy-pr111e00e-k11.html
pr111a0qk-q11,"179,95","116,95",https://www.zalando.es/pretty-ballerinas-bailarinas-black-pr111a0qk-q11.html
pr111e03e-o11,"199,95","79,95",https://www.zalando.es/pretty-ballerinas-sandalias-planas-perlacoco-pr111e03e-o11.html
pr111a0hl-b11,"149,95","82,95",https://www.zalando.es/pretty-ballerinas-bailarinas-tancaramel-pr111a0hl-b11.html
pr111b02q-q11,"214,95","139,95",https://www.zalando.es/pretty-ballerinas-tacones-black-pr111b02q-q11.html
pr111e03a-b11,"169,95","76,95",https://www.zalando.es/pretty-ballerinas-microtina-sandalias-planas-microtina-sandgoma-coco-pr111e03a-b11.html
pr111e03p-q11,"224,95","101,95",https://www.zalando.es/pretty-ballerinas-mocasines-black-pr111e03p-q11.html
pr111a0dd-j11,,"134,95",https://www.zalando.es/pretty-ballerinas-shade-bailarinas-pr111a0dd-j11.html
pr111a0o4-q11,"164,95","107,95",https://www.zalando.es/pretty-ballerinas-angelis-bailarinas-black-pr111a0o4-q11.html
pr111n01r-t11,"164,95","134,95",https://www.zalando.es/pretty-ballerinas-angelis-botines-bajos-brown-pr111n01r-t11.html
pr111b02o-b11,"160,95","103,95",https://www.zalando.es/pretty-ballerinas-tacones-mistyblack-pr111b02o-b11.html
pr111a0pc-t11,"199,95","109,95",https://www.zalando.es/pretty-ballerinas-angelis-safari-bailarinas-safariangelis-rossanaangelis-maizangelis-lilium-9100-gomma-coco-pr111a0pc-t11.html
pr111a0oj-q11,"179,95","116,95",https://www.zalando.es/pretty-ballerinas-angelis-bailarinas-black-pr111a0oj-q11.html
pr113a019-j11,,"99,95",https://www.zalando.es/pretty-ballerinas-eclat-bailarinas-nude-pr113a019-j11.html
pr111e03v-q11,"269,95","121,95",https://www.zalando.es/pretty-ballerinas-mocasines-black-pr111e03v-q11.html
pr113a01h-q12,"119,95","59,95",https://www.zalando.es/pretty-ballerinas-hannah-bailarinas-con-hebilla-blackwhite-pr113a01h-q12.html
pr113a01j-q11,"99,95","49,95",https://www.zalando.es/pretty-ballerinas-hannah-bailarinas-con-hebilla-black-pr113a01j-q11.html
pr111a0p9-t11,"229,95","149,95",https://www.zalando.es/pretty-ballerinas-bailarinas-multi-coloured-pr111a0p9-t11.html
pr111n01q-i11,"299,95","134,95",https://www.zalando.es/pretty-ballerinas-botines-purple-pr111n01q-i11.html
pr111a0mt-q11,"229,95","149,95",https://www.zalando.es/pretty-ballerinas-angelis-bailarinas-black-pr111a0mt-q11.html
pr111n01n-q11,"299,95","179,95",https://www.zalando.es/pretty-ballerinas-botines-black-pr111n01n-q11.html
pr111a0oy-d11,,"229,95",https://www.zalando.es/pretty-ballerinas-ami-bailarinas-tinococo-pr111a0oy-d11.html
pr113a018-k16,"99,95","49,95",https://www.zalando.es/pretty-ballerinas-hannah-bailarinas-con-hebilla-shade-marina-pr113a018-k16.html
pr111a0g5-c11,"107,95","94,95",https://www.zalando.es/pretty-ballerinas-dani-bailarinas-rocciamicenassafarikeros-pr111a0g5-c11.html
pr111a0nw-q11,"179,95","134,95",https://www.zalando.es/pretty-ballerinas-bailarinas-black-pr111a0nw-q11.html
pr111n01m-q11,"249,95","112,95",https://www.zalando.es/pretty-ballerinas-botines-black-pr111n01m-q11.html
pr113a018-o12,"149,95","104,95",https://www.zalando.es/pretty-ballerinas-hannah-bailarinas-con-hebilla-brown-pr113a018-o12.html
pr111e03b-q11,"229,95","91,95",https://www.zalando.es/pretty-ballerinas-coton-bailarinas-black-pr111e03b-q11.html
pr111a0qd-b11,"229,95","137,95",https://www.zalando.es/pretty-ballerinas-bailarinas-camel-pr111a0qd-b11.html
pr113a018-k15,"99,95","39,95",https://www.zalando.es/pretty-ballerinas-hannah-bailarinas-con-hebilla-blue-pr113a018-k15.html
pr111a0hu-k11,"179,95","98,95",https://www.zalando.es/pretty-ballerinas-angelis-bailarinas-harborcobaltoxide-azulon-pr111a0hu-k11.html
pr111a0bb-j11,"169,95","118,95",https://www.zalando.es/pretty-ballerinas-ami-bailarinas-rosecoco-pr111a0bb-j11.html
pr111e03r-q11,"249,95","99,95",https://www.zalando.es/pretty-ballerinas-mocasines-black-pr111e03r-q11.html
pr111b02i-g11,"194,95","126,95",https://www.zalando.es/pretty-ballerinas-shade-tacones-rubi-pr111b02i-g11.html
pr111a03c-k11,"129,95","90,95",https://www.zalando.es/pretty-ballerinas-bailarinas-navy-blu-pr111a03c-k11.html
pr113a018-a13,"99,95","39,95",https://www.zalando.es/pretty-ballerinas-hannah-bailarinas-con-hebilla-offwhite-pr113a018-a13.html
pr113a01l-a11,,"129,95",https://www.zalando.es/pretty-ballerinas-hannah-bailarinas-con-hebilla-perla-pr113a01l-a11.html
pr111a0qi-q11,"204,95","133,95",https://www.zalando.es/pretty-ballerinas-shade-bailarinas-con-hebilla-black-pr111a0qi-q11.html
pr113a01a-b11,"119,95","47,95",https://www.zalando.es/pretty-ballerinas-shade-bailarinas-beigeblack-pr113a01a-b11.html
pr111a0df-c11,"129,95","90,95",https://www.zalando.es/pretty-ballerinas-angelis-bailarinas-pr111a0df-c11.html
pr111a0cf-d11,"139,95","97,95",https://www.zalando.es/pretty-ballerinas-ami-bailarinas-plata-pr111a0cf-d11.html
pr111a0qf-m11,"229,95","114,95",https://www.zalando.es/pretty-ballerinas-bailarinas-pink-pr111a0qf-m11.html
pr111a0h8-q11,,"189,95",https://www.zalando.es/pretty-ballerinas-jungla-mocasines-nube-black-pr111a0h8-q11.html
pr111e03t-q11,"269,95","134,95",https://www.zalando.es/pretty-ballerinas-mocasines-black-pr111e03t-q11.html
pr113a018-j16,,"109,95",https://www.zalando.es/pretty-ballerinas-hannah-bailarinas-con-hebilla-pink-pr113a018-j16.html
pr113a01f-q12,,"119,95",https://www.zalando.es/pretty-ballerinas-hannah-bailarinas-con-hebilla-black-pr113a01f-q12.html
pr111a0qa-q11,"93,95","84,95",https://www.zalando.es/pretty-ballerinas-bailarinas-black-pr111a0qa-q11.html
pr113a018-d12,,"109,95",https://www.zalando.es/pretty-ballerinas-hannah-bailarinas-con-hebilla-silver-colored-pr113a018-d12.html
pr111a0qq-q11,"204,95","112,95",https://www.zalando.es/pretty-ballerinas-angelis-structure-bailarinas-schwarz-pr111a0qq-q11.html
pr111b02s-t11,"234,95","129,95",https://www.zalando.es/pretty-ballerinas-tacones-black-pr111b02s-t11.html
pr111a0qk-i11,"169,95","93,95",https://www.zalando.es/pretty-ballerinas-angelis-bailarinas-moradoblack-pr111a0qk-i11.html
pr113a019-i12,,"99,95",https://www.zalando.es/pretty-ballerinas-hannah-bailarinas-con-hebilla-cycla-pr113a019-i12.html
pr111n01p-q11,"269,95","148,95",https://www.zalando.es/pretty-ballerinas-botines-angelis-nessa-pr111n01p-q11.html
pr111a0do-q12,"169,95","135,95",https://www.zalando.es/pretty-ballerinas-bailarinas-black-pr111a0do-q12.html
pr113a019-q11,"99,95","49,95",https://www.zalando.es/pretty-ballerinas-hannah-bailarinas-con-hebilla-blacksilver-pr113a019-q11.html
pr111b02j-q11,"179,95","98,95",https://www.zalando.es/pretty-ballerinas-tacones-black-pr111b02j-q11.html
pr111a0d5-b11,"129,95","90,95",https://www.zalando.es/pretty-ballerinas-angelis-bailarinas-safari-pr111a0d5-b11.html
pr111a0nm-m11,"179,95","107,95",https://www.zalando.es/pretty-ballerinas-afrodite-do-adonis-bailarinas-green-pr111a0nm-m11.html
pr111e03q-q11,"101,95","92,95",https://www.zalando.es/pretty-ballerinas-mocasines-black-pr111e03q-q11.html
pr111a0qe-k11,,"229,95",https://www.zalando.es/pretty-ballerinas-bailarinas-navyoxide-pr111a0qe-k11.html
pr111e03u-q11,"184,95","120,95",https://www.zalando.es/pretty-ballerinas-mocasines-black-pr111e03u-q11.html
pr113a019-i11,"99,95","49,95",https://www.zalando.es/pretty-ballerinas-hannah-bailarinas-con-hebilla-kylie-nightviola-pr113a019-i11.html
pr111a0dd-q11,"134,95","107,95",https://www.zalando.es/pretty-ballerinas-shade-bailarinas-pr111a0dd-q11.html
pr113a018-a14,,"109,95",https://www.zalando.es/pretty-ballerinas-hannah-bailarinas-con-hebilla-perla-pr113a018-a14.html
pr111a0of-q12,,"189,95",https://www.zalando.es/pretty-ballerinas-shade-bailarinas-black-pr111a0of-q12.html
pr111a03f-o11,"129,95","90,95",https://www.zalando.es/pretty-ballerinas-angelis-bailarinas-pr111a03f-o11.html
pr111a0od-q11,"154,95","100,95",https://www.zalando.es/pretty-ballerinas-shade-bailarinas-black-pr111a0od-q11.html
pr111a0nv-i11,"169,95","110,95",https://www.zalando.es/pretty-ballerinas-angelis-bailarinas-gela-pr111a0nv-i11.html
pr113a01c-k12,,"99,95",https://www.zalando.es/pretty-ballerinas-hannah-bailarinas-con-hebilla-glacialturquise-pr113a01c-k12.html
pr111a0qh-b11,"154,95","76,95",https://www.zalando.es/pretty-ballerinas-angelis-bailarinas-beige-pr111a0qh-b11.html
pr113a01c-j11,"99,95","49,95",https://www.zalando.es/pretty-ballerinas-hannah-bailarinas-con-hebilla-pink-pr113a01c-j11.html
pr111a0dd-k11,"129,95","90,95",https://www.zalando.es/pretty-ballerinas-shade-bailarinas-pr111a0dd-k11.html
pr111e03s-q11,"175,95","148,95",https://www.zalando.es/pretty-ballerinas-mocasines-black-pr111e03s-q11.html
pr111a0dn-t11,"89,95","82,95",https://www.zalando.es/pretty-ballerinas-kylie-bailarinas-kylie-greco-pr111a0dn-t11.html
pr111a0qj-q11,"89,95","80,95",https://www.zalando.es/pretty-ballerinas-bailarinas-black-pr111a0qj-q11.html
pr111z007-802,"129,95","103,95",https://www.zalando.es/pretty-ballerinas-angelis-clasicas-pr111z007-802.html
pr111a0p4-b11,"114,95","91,95",https://www.zalando.es/pretty-ballerinas-coton-bailarinas-perlablack-pr111a0p4-b11.html
pr111a0om-j11,"169,95","76,95",https://www.zalando.es/pretty-ballerinas-bailarinas-orchidcoco-pr111a0om-j11.html
pr111a0qc-c11,"229,95","91,95",https://www.zalando.es/pretty-ballerinas-bailarinas-stone-pr111a0qc-c11.html
pr111e039-t11,"199,95","79,95",https://www.zalando.es/pretty-ballerinas-angelis-bailarinas-liliummaiz-pr111e039-t11.html
pr111e03o-t11,"249,95","112,95",https://www.zalando.es/pretty-ballerinas-mocasines-blackoro-pr111e03o-t11.html
pr111a0qo-t11,"134,95","87,95",https://www.zalando.es/pretty-ballerinas-bailarinas-blue-pr111a0qo-t11.html
pr111a0n5-j11,"149,95","82,95",https://www.zalando.es/pretty-ballerinas-eclat-bailarinas-pink-pr111a0n5-j11.html
pr111a0nv-q11,"169,95","110,95",https://www.zalando.es/pretty-ballerinas-angelis-bailarinas-black-pr111a0nv-q11.html
pr111e00e-k11,,desde,https://www.zalando.es/pretty-ballerinas-angelis-mocasines-navy-pr111e00e-k11.html
pr111a0qk-q11,"179,95","116,95",https://www.zalando.es/pretty-ballerinas-bailarinas-black-pr111a0qk-q11.html
pr111e03e-o11,"199,95","79,95",https://www.zalando.es/pretty-ballerinas-sandalias-planas-perlacoco-pr111e03e-o11.html
pr111a0hl-b11,"149,95","82,95",https://www.zalando.es/pretty-ballerinas-bailarinas-tancaramel-pr111a0hl-b11.html
pr111b02q-q11,"214,95","139,95",https://www.zalando.es/pretty-ballerinas-tacones-black-pr111b02q-q11.html
pr111e03a-b11,"169,95","76,95",https://www.zalando.es/pretty-ballerinas-microtina-sandalias-planas-microtina-sandgoma-coco-pr111e03a-b11.html
pr111e03p-q11,"224,95","101,95",https://www.zalando.es/pretty-ballerinas-mocasines-black-pr111e03p-q11.html
pr111a0dd-j11,,"134,95",https://www.zalando.es/pretty-ballerinas-shade-bailarinas-pr111a0dd-j11.html
pr111a0o4-q11,"164,95","107,95",https://www.zalando.es/pretty-ballerinas-angelis-bailarinas-black-pr111a0o4-q11.html
pr111n01r-t11,"164,95","134,95",https://www.zalando.es/pretty-ballerinas-angelis-botines-bajos-brown-pr111n01r-t11.html
pr111b02o-b11,"160,95","103,95",https://www.zalando.es/pretty-ballerinas-tacones-mistyblack-pr111b02o-b11.html
pr111a0pc-t11,"199,95","109,95",https://www.zalando.es/pretty-ballerinas-angelis-safari-bailarinas-safariangelis-rossanaangelis-maizangelis-lilium-9100-gomma-coco-pr111a0pc-t11.html
pr111a0oj-q11,"179,95","116,95",https://www.zalando.es/pretty-ballerinas-angelis-bailarinas-black-pr111a0oj-q11.html
pr113a019-j11,,"99,95",https://www.zalando.es/pretty-ballerinas-eclat-bailarinas-nude-pr113a019-j11.html
pr111e03v-q11,"269,95","121,95",https://www.zalando.es/pretty-ballerinas-mocasines-black-pr111e03v-q11.html
pr113a01h-q12,"119,95","59,95",https://www.zalando.es/pretty-ballerinas-hannah-bailarinas-con-hebilla-blackwhite-pr113a01h-q12.html
pr113a01j-q11,"99,95","49,95",https://www.zalando.es/pretty-ballerinas-hannah-bailarinas-con-hebilla-black-pr113a01j-q11.html
pr111a0p9-t11,"229,95","149,95",https://www.zalando.es/pretty-ballerinas-bailarinas-multi-coloured-pr111a0p9-t11.html
pr111n01q-i11,"299,95","134,95",https://www.zalando.es/pretty-ballerinas-botines-purple-pr111n01q-i11.html
pr111a0mt-q11,"229,95","149,95",https://www.zalando.es/pretty-ballerinas-angelis-bailarinas-black-pr111a0mt-q11.html
pr111n01n-q11,"299,95","179,95",https://www.zalando.es/pretty-ballerinas-botines-black-pr111n01n-q11.html
pr111a0oy-d11,,"229,95",https://www.zalando.es/pretty-ballerinas-ami-bailarinas-tinococo-pr111a0oy-d11.html
pr113a018-k16,"99,95","49,95",https://www.zalando.es/pretty-ballerinas-hannah-bailarinas-con-hebilla-shade-marina-pr113a018-k16.html
pr111a0g5-c11,"107,95","94,95",https://www.zalando.es/pretty-ballerinas-dani-bailarinas-rocciamicenassafarikeros-pr111a0g5-c11.html
pr111a0nw-q11,"179,95","134,95",https://www.zalando.es/pretty-ballerinas-bailarinas-black-pr111a0nw-q11.html
pr111n01m-q11,"249,95","112,95",https://www.zalando.es/pretty-ballerinas-botines-black-pr111n01m-q11.html
pr113a018-o12,"149,95","104,95",https://www.zalando.es/pretty-ballerinas-hannah-bailarinas-con-hebilla-brown-pr113a018-o12.html
pr111e03b-q11,"229,95","91,95",https://www.zalando.es/pretty-ballerinas-coton-bailarinas-black-pr111e03b-q11.html
